<anim ver="netanim-3.108" filetype="animation" >
<node id="0" sysId="0" locX="0" locY="10" />
<node id="1" sysId="0" locX="75" locY="41" />
<node id="2" sysId="0" locX="30" locY="24" />
<node id="3" sysId="0" locX="74" locY="33" />
<node id="4" sysId="0" locX="20" locY="94" />
<node id="5" sysId="0" locX="0" locY="0" />
<node id="6" sysId="0" locX="5" locY="0" />
<node id="7" sysId="0" locX="10" locY="0" />
<nu p="c" t="0" id="0" r="255" g="0" b="0" />
<nu p="c" t="0" id="1" r="255" g="0" b="0" />
<nu p="c" t="0" id="2" r="255" g="0" b="0" />
<nu p="c" t="0" id="3" r="255" g="0" b="0" />
<nu p="c" t="0" id="4" r="255" g="0" b="0" />
<nu p="c" t="0" id="5" r="255" g="0" b="0" />
<nu p="c" t="0" id="6" r="255" g="0" b="0" />
<nu p="c" t="0" id="7" r="255" g="0" b="0" />
<link fromId="0" toId="1" fd="10.1.1.1~00:00:00:00:00:01" td="10.1.1.2~00:00:00:00:00:02" ld="" />
<nonp2plinkproperties id="0" ipAddress="10.1.3.4~00:00:00:00:00:0a" channelType="ns3::YansWifiChannel" />
<nonp2plinkproperties id="0" ipAddress="127.0.0.1~00:00:00:00:00:00" channelType="Unknown channel" />
<nonp2plinkproperties id="1" ipAddress="10.1.2.1~00:00:00:00:00:03" channelType="ns3::CsmaChannel" />
<nonp2plinkproperties id="1" ipAddress="127.0.0.1~00:00:00:00:00:00" channelType="Unknown channel" />
<nonp2plinkproperties id="2" ipAddress="10.1.2.2~00:00:00:00:00:04" channelType="ns3::CsmaChannel" />
<nonp2plinkproperties id="2" ipAddress="127.0.0.1~00:00:00:00:00:00" channelType="Unknown channel" />
<nonp2plinkproperties id="3" ipAddress="10.1.2.3~00:00:00:00:00:05" channelType="ns3::CsmaChannel" />
<nonp2plinkproperties id="3" ipAddress="127.0.0.1~00:00:00:00:00:00" channelType="Unknown channel" />
<nonp2plinkproperties id="4" ipAddress="10.1.2.4~00:00:00:00:00:06" channelType="ns3::CsmaChannel" />
<nonp2plinkproperties id="4" ipAddress="127.0.0.1~00:00:00:00:00:00" channelType="Unknown channel" />
<nonp2plinkproperties id="5" ipAddress="10.1.3.1~00:00:00:00:00:07" channelType="ns3::YansWifiChannel" />
<nonp2plinkproperties id="5" ipAddress="127.0.0.1~00:00:00:00:00:00" channelType="Unknown channel" />
<nonp2plinkproperties id="6" ipAddress="10.1.3.2~00:00:00:00:00:08" channelType="ns3::YansWifiChannel" />
<nonp2plinkproperties id="6" ipAddress="127.0.0.1~00:00:00:00:00:00" channelType="Unknown channel" />
<nonp2plinkproperties id="7" ipAddress="10.1.3.3~00:00:00:00:00:09" channelType="ns3::YansWifiChannel" />
<nonp2plinkproperties id="7" ipAddress="127.0.0.1~00:00:00:00:00:00" channelType="Unknown channel" />
<ip n="0" >
<address >10.1.1.1</address>

<address >10.1.3.4</address>

<address >127.0.0.1</address>

</ip>
<ip n="0" >
<address >10.1.1.1</address>

<address >10.1.3.4</address>

<address >127.0.0.1</address>

</ip>
<ip n="0" >
<address >10.1.1.1</address>

<address >10.1.3.4</address>

<address >127.0.0.1</address>

</ip>
<ip n="1" >
<address >10.1.1.2</address>

<address >10.1.2.1</address>

<address >127.0.0.1</address>

</ip>
<ip n="1" >
<address >10.1.1.2</address>

<address >10.1.2.1</address>

<address >127.0.0.1</address>

</ip>
<ip n="1" >
<address >10.1.1.2</address>

<address >10.1.2.1</address>

<address >127.0.0.1</address>

</ip>
<ip n="2" >
<address >10.1.2.2</address>

<address >127.0.0.1</address>

</ip>
<ip n="2" >
<address >10.1.2.2</address>

<address >127.0.0.1</address>

</ip>
<ip n="3" >
<address >10.1.2.3</address>

<address >127.0.0.1</address>

</ip>
<ip n="3" >
<address >10.1.2.3</address>

<address >127.0.0.1</address>

</ip>
<ip n="4" >
<address >10.1.2.4</address>

<address >127.0.0.1</address>

</ip>
<ip n="4" >
<address >10.1.2.4</address>

<address >127.0.0.1</address>

</ip>
<ip n="5" >
<address >10.1.3.1</address>

<address >127.0.0.1</address>

</ip>
<ip n="5" >
<address >10.1.3.1</address>

<address >127.0.0.1</address>

</ip>
<ip n="6" >
<address >10.1.3.2</address>

<address >127.0.0.1</address>

</ip>
<ip n="6" >
<address >10.1.3.2</address>

<address >127.0.0.1</address>

</ip>
<ip n="7" >
<address >10.1.3.3</address>

<address >127.0.0.1</address>

</ip>
<ip n="7" >
<address >10.1.3.3</address>

<address >127.0.0.1</address>

</ip>
<ipv6 n="0" >
<address >::1</address>

</ipv6>
<ipv6 n="1" >
<address >::1</address>

</ipv6>
<ipv6 n="2" >
<address >::1</address>

</ipv6>
<ipv6 n="3" >
<address >::1</address>

</ipv6>
<ipv6 n="4" >
<address >::1</address>

</ipv6>
<ipv6 n="5" >
<address >::1</address>

</ipv6>
<ipv6 n="6" >
<address >::1</address>

</ipv6>
<ipv6 n="7" >
<address >::1</address>

</ipv6>
<nu p="s" t="0" id="0" w="1" h="1" />
<nu p="s" t="0" id="1" w="1" h="1" />
<nu p="s" t="0" id="2" w="1" h="1" />
<nu p="s" t="0" id="3" w="1" h="1" />
<nu p="s" t="0" id="4" w="1" h="1" />
<nu p="s" t="0" id="5" w="1" h="1" />
<nu p="s" t="0" id="6" w="1" h="1" />
<nu p="s" t="0" id="7" w="1" h="1" />
<ncs ncId="0" n="RemainingEnergy" t="DOUBLE" />
<nu p="p" t="0" id="0" x="100" y="100" />
<nu p="p" t="0" id="5" x="0" y="0" />
<nu p="p" t="0" id="6" x="5" y="0" />
<nu p="p" t="0" id="7" x="10" y="0" />
<pr uId="1" fId="0" fbTx="0.03209" />
<pr uId="2" fId="0" fbTx="0.13449" />
<pr uId="3" fId="0" fbTx="0.23689" />
<nu p="p" t="0.25" id="1" x="10" y="10" />
<nu p="p" t="0.25" id="2" x="10" y="30" />
<nu p="p" t="0.25" id="3" x="10" y="50" />
<nu p="p" t="0.25" id="4" x="10" y="70" />
<nu p="p" t="0.25" id="7" x="10.36295971" y="0.8723790085" />
<nu p="p" t="0.256281227" id="5" x="-0.6391702038" y="-0.769065308" />
<nu p="p" t="0.264585837" id="7" x="10.384136" y="0.9232765206" />
<nu p="p" t="0.320948066" id="6" x="4.232407347" y="-0.6409379966" />
<pr uId="4" fId="0" fbTx="0.33929" />
<pr uId="5" fId="0" fbTx="0.44169" />
<nu p="p" t="0.5" id="7" x="10.2928136" y="1.424537656" />
<pr uId="6" fId="0" fbTx="0.54409" />
<nu p="p" t="0.616210239" id="5" x="-0.3765387062" y="0.1958308994" />
<pr uId="7" fId="0" fbTx="0.64649" />
<nu p="p" t="0.726624318" id="7" x="10.20490098" y="1.907082807" />
<nu p="p" t="0.727640319" id="6" x="5.212048279" y="-0.4401803316" />
<pr uId="8" fId="0" fbTx="0.74889" />
<pr uId="9" fId="0" fbTx="0.85129" />
<nu p="p" t="0.906265965" id="5" x="-0.5746742159" y="1.176005534" />
<pr uId="10" fId="0" fbTx="0.95369" />
<nu p="p" t="1" id="6" x="5.085679077" y="0.2503424349" />
<pr uId="11" fId="0" fbTx="1.05609" />
<nu p="p" t="1.115622242" id="6" x="5.032032772" y="0.5434834393" />
<pr uId="12" fId="0" fbTx="1.15849" />
<nu p="p" t="1.21726661" id="7" x="10.81359727" y="1.113679488" />
<nu p="p" t="1.25" id="5" x="-1.411652135" y="0.8720066798" />
<pr uId="13" fId="0" fbTx="1.26089" />
<nu p="p" t="1.292277571" id="5" x="-1.514596242" y="0.8346163377" />
<pr uId="14" fId="0" fbTx="1.36329" />
<nu p="p" t="1.373556785" id="6" x="5.119255272" y="-0.4527054136" />
<pr uId="15" fId="0" fbTx="1.46569" />
<nu p="p" t="1.5" id="5" x="-1.912078012" y="1.248168974" />
<nu p="p" t="1.5" id="6" x="4.845121921" y="-0.05197964925" />
<nu p="p" t="1.553912411" id="7" x="10.84516282" y="2.113181172" />
<pr uId="16" fId="0" fbTx="1.56809" />
<nu p="p" t="1.633984912" id="6" x="4.554637905" y="0.3726473762" />
<nu p="p" t="1.654415377" id="5" x="-2.20755548" y="1.555593101" />
<pr uId="17" fId="0" fbTx="1.67049" />
<pr uId="18" fId="0" fbTx="1.77289" />
<pr uId="19" fId="0" fbTx="1.87529" />
<nu p="p" t="1.905858773" id="7" x="10.9796972" y="3.104090098" />
<nu p="p" t="1.948683891" id="5" x="-2.144543421" y="2.553605866" />
<pr uId="20" fId="0" fbTx="1.97769" />
<nu p="p" t="1.982248959" id="6" x="3.862261533" y="1.0941839" />
<nu p="p" t="2" id="7" x="11.08431876" y="3.386347858" />
<pr uId="21" fId="0" fbTx="2.08009" />
<pr uId="22" fId="0" fbTx="2.18249" />
<nu p="p" t="2.218595966" id="7" x="11.32725006" y="4.041750488" />
<nu p="p" t="2.25" id="5" x="-1.380575338" y="2.125327209" />
<nu p="p" t="2.25" id="6" x="3.924966102" y="0.4921178403" />
<pr uId="23" fId="0" fbTx="2.28489" />
<nu p="p" t="2.292720689" id="5" x="-1.272259713" y="2.064605731" />
<pr uId="24" fId="0" fbTx="2.38729" />
<nu p="p" t="2.424576831" id="6" x="3.965850219" y="0.09956368093" />
<pr uId="25" fId="0" fbTx="2.48969" />
<nu p="p" t="2.5" id="5" x="-0.9297426936" y="2.319892578" />
<nu p="p" t="2.5" id="6" x="4.229263956" y="0.2185855473" />
<pr uId="26" fId="0" fbTx="2.59209" />
<nu p="p" t="2.6398409" id="7" x="12.01303808" y="4.769551827" />
<nu p="p" t="2.68550667" id="6" x="4.877141867" y="0.5113251705" />
<pr uId="27" fId="0" fbTx="2.69449" />
<nu p="p" t="2.75" id="7" x="12.15849313" y="5.085099451" />
<nu p="p" t="2.777939103" id="5" x="-0.4704644734" y="2.662204586" />
<pr uId="28" fId="0" fbTx="2.79689" />
<pr uId="29" fId="0" fbTx="2.89929" />
<nu p="p" t="2.940587483" id="6" x="3.896594991" y="0.3150401277" />
<nu p="p" t="2.95688328" id="7" x="12.43166364" y="5.677710753" />
<nu p="p" t="3" id="5" x="0.06452634565" y="2.723834341" />
<pr uId="30" fId="0" fbTx="3.00169" />
<pr uId="31" fId="0" fbTx="3.10409" />
<nu p="p" t="3.190286307" id="5" x="0.5229655784" y="2.776645524" />
<pr uId="32" fId="0" fbTx="3.20649" />
<nu p="p" t="3.220474737" id="7" x="11.46066931" y="5.916813252" />
<nu p="p" t="3.25" id="6" x="4.289576349" y="-0.3303166248" />
<pr uId="33" fId="0" fbTx="3.30889" />
<nu p="p" t="3.350084148" id="6" x="4.4166921" y="-0.5390670056" />
<pr uId="34" fId="0" fbTx="3.41129" />
<nu p="p" t="3.45725936" id="5" x="0.7053642107" y="3.759870186" />
<nu p="p" t="3.5" id="7" x="11.9324137" y="6.624204614" />
<pr uId="35" fId="0" fbTx="3.51369" />
<nu p="p" t="3.54922669" id="7" x="12.01549176" y="6.748782032" />
<nu p="p" t="3.614987269" id="6" x="4.831030595" y="0.3710558459" />
<pr uId="36" fId="0" fbTx="3.61609" />
<pr uId="37" fId="0" fbTx="3.71849" />
<pr uId="38" fId="0" fbTx="3.82089" />
<nu p="p" t="3.871165417" id="5" x="0.1429612034" y="2.933006924" />
<nu p="p" t="3.873990049" id="6" x="3.93957453" y="0.824162985" />
<nu p="p" t="3.878337337" id="7" x="13.00759544" y="6.623361661" />
<pr uId="39" fId="0" fbTx="3.92329" />
<nu p="p" t="4" id="7" x="12.83267412" y="6.196380454" />
<pr uId="40" fId="0" fbTx="4.02569" />
<nu p="p" t="4.123770512" id="5" x="0.2355241295" y="1.937300088" />
<pr uId="41" fId="0" fbTx="4.12809" />
<nu p="p" t="4.142006208" id="7" x="12.62850373" y="5.698002557" />
<pr uId="42" fId="0" fbTx="4.23049" />
<nu p="p" t="4.329372595" id="6" x="3.801015206" y="-0.1661911484" />
<pr uId="43" fId="0" fbTx="4.33289" />
<nu p="p" t="4.37676813" id="5" x="1.215150659" y="1.736472155" />
<pr uId="44" fId="0" fbTx="4.43529" />
<nu p="p" t="4.5" id="5" x="0.9652452639" y="1.790729621" />
<nu p="p" t="4.5" id="7" x="13.30872751" y="4.987327881" />
<nu p="p" t="4.505913715" id="7" x="13.31996415" y="4.975588215" />
<pr uId="45" fId="0" fbTx="4.53769" />
<pr uId="46" fId="0" fbTx="4.64009" />
<nu p="p" t="4.674853082" id="6" x="3.181035696" y="-0.9508091471" />
<pr uId="47" fId="0" fbTx="4.74249" />
<nu p="p" t="4.75" id="6" x="3.411568775" y="-1.141691053" />
<nu p="p" t="4.797621875" id="7" x="13.11341262" y="3.997152494" />
<pr uId="48" fId="0" fbTx="4.84489" />
<nu p="p" t="4.858655476" id="5" x="0.2379176781" y="1.948641186" />
<nu p="p" t="4.925927373" id="6" x="3.951272598" y="-1.588567028" />
<pr uId="49" fId="0" fbTx="4.94729" />
<nu p="p" t="5" id="7" x="13.42425383" y="4.29459292" />
<pr uId="50" fId="0" fbTx="5.04969" />
<pr uId="51" fId="0" fbTx="5.15209" />
<nu p="p" t="5.166945254" id="5" x="0.4491218265" y="0.971199217" />
<nu p="p" t="5.180243017" id="6" x="3.647774376" y="-0.6357350266" />
<nu p="p" t="5.25" id="5" x="0.2337413189" y="1.08214528" />
<pr uId="52" fId="0" fbTx="5.25449" />
<nu p="p" t="5.26802316" id="7" x="13.83592204" y="4.688513573" />
<pr uId="53" fId="0" fbTx="5.35689" />
<nu p="p" t="5.441593461" id="6" x="3.661698584" y="-1.635638077" />
<pr uId="54" fId="0" fbTx="5.45929" />
<nu p="p" t="5.5" id="5" x="-0.4145675314" y="1.416099895" />
<nu p="p" t="5.5" id="7" x="13.64169735" y="3.904983889" />
<nu p="p" t="5.509755325" id="5" x="-0.4398653855" y="1.429131238" />
<nu p="p" t="5.555392278" id="7" x="13.59531967" y="3.717889806" />
<pr uId="55" fId="0" fbTx="5.56169" />
<pr uId="56" fId="0" fbTx="5.66409" />
<nu p="p" t="5.729710121" id="6" x="3.734169049" y="-2.633008633" />
<nu p="p" t="5.75" id="7" x="13.12303659" y="4.028091761" />
<pr uId="57" fId="0" fbTx="5.76649" />
<pr uId="58" fId="0" fbTx="5.86889" />
<nu p="p" t="5.899802909" id="7" x="12.75948791" y="4.266875479" />
<nu p="p" t="5.924449291" id="5" x="-0.8839267823" y="2.325127596" />
<pr uId="59" fId="0" fbTx="5.97129" />
<nu p="p" t="6" id="5" x="-1.094378663" y="2.220594235" />
<nu p="p" t="6" id="6" x="3.907013827" y="-3.430418531" />
<nu p="p" t="6.060977106" id="6" x="3.946007423" y="-3.610313346" />
<pr uId="60" fId="0" fbTx="6.07369" />
<pr uId="61" fId="0" fbTx="6.17609" />
<nu p="p" t="6.245964324" id="5" x="-1.779529807" y="1.88027344" />
<nu p="p" t="6.25" id="7" x="11.94982577" y="4.333704235" />
<pr uId="62" fId="0" fbTx="6.27849" />
<nu p="p" t="6.330859572" id="7" x="11.76287695" y="4.349134817" />
<nu p="p" t="6.378695905" id="6" x="3.411788809" y="-2.764966984" />
<pr uId="63" fId="0" fbTx="6.38089" />
<pr uId="64" fId="0" fbTx="6.48329" />
<nu p="p" t="6.498566687" id="5" x="-1.208511913" y="1.059335828" />
<nu p="p" t="6.5" id="6" x="2.987140908" y="-2.751039827" />
<pr uId="65" fId="0" fbTx="6.58569" />
<nu p="p" t="6.656187619" id="7" x="11.22924714" y="5.194852984" />
<nu p="p" t="6.664200455" id="6" x="2.412326196" y="-2.732187656" />
<pr uId="66" fId="0" fbTx="6.68809" />
<nu p="p" t="6.75" id="5" x="-0.8587186692" y="0.6172180958" />
<nu p="p" t="6.75" id="7" x="10.86293274" y="5.157697198" />
<pr uId="67" fId="0" fbTx="6.79049" />
<pr uId="68" fId="0" fbTx="6.89289" />
<nu p="p" t="6.910978273" id="7" x="10.23435195" y="5.093939364" />
<nu p="p" t="6.944561575" id="5" x="-0.5880452103" y="0.2751030381" />
<pr uId="69" fId="0" fbTx="6.99529" />
<nu p="p" t="7" id="6" x="1.82655546" y="-3.484600651" />
<nu p="p" t="7" id="7" x="10.01281435" y="4.970916755" />
<nu p="p" t="7.016358659" id="6" x="1.798019317" y="-3.521254863" />
<pr uId="70" fId="0" fbTx="7.09769" />
<pr uId="71" fId="0" fbTx="7.20009" />
<nu p="p" t="7.224577507" id="5" x="-0.1663122707" y="-0.6316170521" />
<nu p="p" t="7.25" id="6" x="2.238799513" y="-4.168679363" />
<nu p="p" t="7.25" id="7" x="9.390669608" y="4.62543197" />
<nu p="p" t="7.262282152" id="7" x="9.360104503" y="4.608458784" />
<pr uId="72" fId="0" fbTx="7.30249" />
<nu p="p" t="7.314664419" id="6" x="2.360793314" y="-4.347865671" />
<pr uId="73" fId="0" fbTx="7.40489" />
<nu p="p" t="7.5" id="5" x="-0.7974957934" y="0.04617955985" />
<nu p="p" t="7.5" id="6" x="1.788368352" y="-4.701614729" />
<nu p="p" t="7.5" id="7" x="8.715054633" y="4.419946368" />
<pr uId="74" fId="0" fbTx="7.50729" />
<nu p="p" t="7.521953674" id="5" x="-0.8478068524" y="0.1002061054" />
<nu p="p" t="7.590088181" id="6" x="1.510123218" y="-4.873565571" />
<pr uId="75" fId="0" fbTx="7.60969" />
<nu p="p" t="7.616012396" id="7" x="8.400253782" y="4.327947483" />
<pr uId="76" fId="0" fbTx="7.71209" />
<nu p="p" t="7.75" id="5" x="-1.507558523" y="0.5520571418" />
<nu p="p" t="7.75" id="6" x="1.228469077" y="-5.044511824" />
<nu p="p" t="7.807136013" id="5" x="-1.672856428" y="0.6652664496" />
<pr uId="77" fId="0" fbTx="7.81449" />
<nu p="p" t="7.897975823" id="7" x="9.142921407" y="4.997607693" />
<pr uId="78" fId="0" fbTx="7.91689" />
<nu p="p" t="8" id="5" x="-2.06386939" y="0.4368425898" />
<nu p="p" t="8" id="6" x="0.7881418041" y="-5.311762634" />
<nu p="p" t="8" id="7" x="9.128890628" y="5.231319195" />
<pr uId="79" fId="0" fbTx="8.01929" />
<nu p="p" t="8.075446296" id="6" x="0.6552575569" y="-5.392414968" />
<pr uId="80" fId="0" fbTx="8.12169" />
<pr uId="81" fId="0" fbTx="8.22409" />
<nu p="p" t="8.233030052" id="5" x="-2.536315138" y="0.1608469271" />
<pr uId="82" fId="0" fbTx="8.32649" />
<nu p="p" t="8.333730229" id="7" x="9.082994691" y="5.99581047" />
<nu p="p" t="8.39136577" id="6" x="0.2607334667" y="-6.311300565" />
<pr uId="83" fId="0" fbTx="8.42889" />
<nu p="p" t="8.5" id="5" x="-2.57205511" y="-0.4363337148" />
<nu p="p" t="8.5" id="6" x="-0.0794492684" y="-6.213310971" />
<nu p="p" t="8.5" id="7" x="8.536801191" y="5.617844026" />
<pr uId="84" fId="0" fbTx="8.53129" />
<nu p="p" t="8.584054206" id="7" x="8.260684489" y="5.426770993" />
<pr uId="85" fId="0" fbTx="8.63369" />
<nu p="p" t="8.679282154" id="5" x="-2.596056085" y="-0.837366987" />
<nu p="p" t="8.698229571" id="6" x="-0.7001953964" y="-6.034505127" />
<pr uId="86" fId="0" fbTx="8.73609" />
<nu p="p" t="8.75" id="5" x="-2.688445147" y="-1.02764187" />
<nu p="p" t="8.75" id="6" x="-0.7637030776" y="-5.881832677" />
<pr uId="87" fId="0" fbTx="8.83849" />
<pr uId="88" fId="0" fbTx="8.94089" />
<nu p="p" t="9" id="5" x="-3.015056701" y="-1.700296986" />
<nu p="p" t="9" id="6" x="-1.070382404" y="-5.144575648" />
<nu p="p" t="9" id="7" x="8.350652134" y="6.33588112" />
<nu p="p" t="9.011317128" id="6" x="-1.084265321" y="-5.11120112" />
<nu p="p" t="9.013615521" id="5" x="-3.032844647" y="-1.736931185" />
<nu p="p" t="9.039360807" id="7" x="8.359165741" y="6.421909897" />
<pr uId="89" fId="0" fbTx="9.04329" />
<pr uId="90" fId="0" fbTx="9.14569" />
<pr uId="91" fId="0" fbTx="9.24809" />
<nu p="p" t="9.25" id="5" x="-2.628048081" y="-2.205831739" />
<nu p="p" t="9.25" id="6" x="-0.3769793724" y="-5.270533722" />
<nu p="p" t="9.25" id="7" x="7.805052466" y="7.001383498" />
<nu p="p" t="9.302079343" id="7" x="7.668051109" y="7.144655051" />
<nu p="p" t="9.340530093" id="6" x="-0.108712688" y="-5.330967029" />
<pr uId="92" fId="0" fbTx="9.35049" />
<nu p="p" t="9.395214512" id="5" x="-2.379375512" y="-2.493884345" />
<pr uId="93" fId="0" fbTx="9.45289" />
<nu p="p" t="9.5" id="7" x="7.072571434" y="6.957318558" />
<pr uId="94" fId="0" fbTx="9.55529" />
<nu p="p" t="9.619131661" id="7" x="6.714142537" y="6.844557677" />
<pr uId="95" fId="0" fbTx="9.65769" />
<nu p="p" t="9.726034091" id="6" x="-0.2961863634" y="-6.313236656" />
<nu p="p" t="9.75" id="5" x="-2.026524208" y="-1.627810032" />
<nu p="p" t="9.75" id="7" x="6.577109368" y="7.298061138" />
<pr uId="96" fId="0" fbTx="9.76009" />
<nu p="p" t="9.774585313" id="5" x="-2.002072927" y="-1.567794308" />
<pr uId="97" fId="0" fbTx="9.86249" />
<nu p="p" t="9.895368181" id="7" x="6.42489331" y="7.801811501" />
<pr uId="98" fId="0" fbTx="9.96489" />
<nu p="p" t="10" id="5" x="-1.846400641" y="-0.7210844474" />
<nu p="p" t="10" id="6" x="0.5166009607" y="-5.959659851" />
<nu p="p" t="10" id="7" x="6.485463743" y="8.002843917" />
<nu p="p" t="10.03512397" id="6" x="0.6208048747" y="-5.914329313" />
<nu p="p" t="10.03642093" id="5" x="-1.821248199" y="-0.5842789734" />
<pr uId="99" fId="0" fbTx="10.06729" />
<pr uId="100" fId="0" fbTx="10.16969" />
<nu p="p" t="10.25" id="5" x="-2.010947156" y="-1.272964688" />
<nu p="p" t="10.25" id="6" x="1.145156706" y="-6.367575249" />
<pr uId="101" fId="0" fbTx="10.27209" />
<nu p="p" t="10.33541123" id="5" x="-2.086808619" y="-1.548373191" />
<nu p="p" t="10.34514917" id="6" x="1.377344729" y="-6.5682769" />
<pr uId="102" fId="0" fbTx="10.37449" />
<nu p="p" t="10.39371207" id="7" x="6.713380174" y="8.759295353" />
<pr uId="103" fId="0" fbTx="10.47689" />
<nu p="p" t="10.5" id="5" x="-1.738214912" y="-1.722607675" />
<pr uId="104" fId="0" fbTx="10.57929" />
<pr uId="105" fId="0" fbTx="10.68169" />
<nu p="p" t="10.7201338" id="6" x="1.974931302" y="-5.766472506" />
<nu p="p" t="10.74540304" id="7" x="6.084766233" y="9.537012854" />
<nu p="p" t="10.7577459" id="5" x="-1.192317423" y="-1.995458749" />
<pr uId="106" fId="0" fbTx="10.78409" />
<pr uId="107" fId="0" fbTx="10.88649" />
<pr uId="108" fId="0" fbTx="10.98889" />
<nu p="p" t="11" id="7" x="6.294417389" y="8.794489933" />
<nu p="p" t="11.07538295" id="7" x="6.356492453" y="8.574638261" />
<pr uId="109" fId="0" fbTx="11.09129" />
<nu p="p" t="11.16673375" id="6" x="0.9884873535" y="-5.930571052" />
<pr uId="110" fId="0" fbTx="11.19369" />
<nu p="p" t="11.2310176" id="5" x="-2.020585774" y="-1.435127118" />
<pr uId="111" fId="0" fbTx="11.29609" />
<nu p="p" t="11.33138059" id="7" x="7.25577176" y="8.137263451" />
<pr uId="112" fId="0" fbTx="11.39849" />
<nu p="p" t="11.45086453" id="6" x="0.1407208122" y="-5.400201476" />
<pr uId="113" fId="0" fbTx="11.50089" />
<nu p="p" t="11.51027424" id="5" x="-2.972653318" y="-1.129239249" />
<pr uId="114" fId="0" fbTx="11.60329" />
<nu p="p" t="11.65761969" id="7" x="7.887047143" y="8.912822208" />
<pr uId="115" fId="0" fbTx="11.70569" />
<nu p="p" t="11.75" id="5" x="-3.616508751" y="-0.9381704847" />
<nu p="p" t="11.75" id="6" x="0.6955874926" y="-4.999478835" />
<pr uId="116" fId="0" fbTx="11.80809" />
<nu p="p" t="11.8672173" id="5" x="-3.931330977" y="-0.8447447084" />
<nu p="p" t="11.88791709" id="6" x="0.9514100308" y="-4.814724755" />
<pr uId="117" fId="0" fbTx="11.91049" />
<nu p="p" t="12" id="5" x="-4.159219706" y="-0.649470614" />
<nu p="p" t="12" id="6" x="1.325184408" y="-4.779181231" />
<pr uId="118" fId="0" fbTx="12.01289" />
<pr uId="119" fId="0" fbTx="12.11529" />
<nu p="p" t="12.14772873" id="7" x="6.891487142" y="9.006951268" />
<nu p="p" t="12.18643823" id="6" x="1.946919074" y="-4.720058289" />
<pr uId="120" fId="0" fbTx="12.21769" />
<nu p="p" t="12.25" id="6" x="2.07235687" y="-4.832508591" />
<nu p="p" t="12.25" id="7" x="7.00486347" y="9.234278484" />
<nu p="p" t="12.30966595" id="5" x="-4.69068488" y="-0.1940668695" />
<pr uId="121" fId="0" fbTx="12.32009" />
<pr uId="122" fId="0" fbTx="12.42249" />
<nu p="p" t="12.5" id="5" x="-4.946283918" y="0.4371385904" />
<nu p="p" t="12.5" id="6" x="2.565726514" y="-5.274796062" />
<pr uId="123" fId="0" fbTx="12.52489" />
<nu p="p" t="12.55032207" id="7" x="7.337795802" y="9.901830354" />
<nu p="p" t="12.56374275" id="6" x="2.69152147" y="-5.387566545" />
<nu p="p" t="12.5891609" id="5" x="-5.066017829" y="0.7328231863" />
<pr uId="124" fId="0" fbTx="12.62729" />
<pr uId="125" fId="0" fbTx="12.72969" />
<nu p="p" t="12.75" id="5" x="-4.489694997" y="0.6097042856" />
<nu p="p" t="12.75" id="6" x="3.412454662" y="-5.22483168" />
<nu p="p" t="12.8157578" id="6" x="3.666978893" y="-5.167378415" />
<pr uId="126" fId="0" fbTx="12.83209" />
<nu p="p" t="12.8450854" id="7" x="8.268158883" y="9.535190842" />
<nu p="p" t="12.86208087" id="5" x="-4.088083906" y="0.5239087674" />
<pr uId="127" fId="0" fbTx="12.93449" />
<nu p="p" t="13" id="5" x="-3.811782638" y="0.865636401" />
<nu p="p" t="13" id="6" x="4.124605915" y="-5.586622462" />
<nu p="p" t="13" id="7" x="7.860536134" y="9.788152442" />
<pr uId="128" fId="0" fbTx="13.03689" />
<nu p="p" t="13.11261849" id="6" x="4.404331552" y="-5.842886412" />
<pr uId="129" fId="0" fbTx="13.13929" />
<nu p="p" t="13.16800228" id="7" x="7.418476109" y="10.06248505" />
<nu p="p" t="13.1759226" id="5" x="-3.45934684" y="1.301526733" />
<pr uId="130" fId="0" fbTx="13.24169" />
<nu p="p" t="13.25" id="6" x="3.901313772" y="-5.62324443" />
<nu p="p" t="13.25" id="7" x="7.362892556" y="9.834815949" />
<pr uId="131" fId="0" fbTx="13.34409" />
<nu p="p" t="13.36291264" id="6" x="3.487887914" y="-5.442722631" />
<nu p="p" t="13.43069209" id="5" x="-3.74028055" y="0.3417995615" />
<pr uId="132" fId="0" fbTx="13.44649" />
<nu p="p" t="13.51788752" id="7" x="7.181300419" y="9.091018275" />
<pr uId="133" fId="0" fbTx="13.54889" />
<pr uId="134" fId="0" fbTx="13.65129" />
<nu p="p" t="13.75" id="5" x="-4.398780928" y="-0.1860285862" />
<nu p="p" t="13.75" id="6" x="2.576103645" y="-5.399068341" />
<nu p="p" t="13.75" id="7" x="7.954943523" y="8.751285563" />
<pr uId="135" fId="0" fbTx="13.75369" />
<nu p="p" t="13.78696521" id="6" x="2.489032095" y="-5.394899541" />
<nu p="p" t="13.79259282" id="7" x="8.096907627" y="8.68894435" />
<nu p="p" t="13.8090484" id="5" x="-4.520554897" y="-0.2836378364" />
<pr uId="136" fId="0" fbTx="13.85609" />
<pr uId="137" fId="0" fbTx="13.95849" />
<nu p="p" t="14" id="5" x="-3.926620583" y="-0.4844394012" />
<nu p="p" t="14" id="6" x="3.106099807" y="-5.455626205" />
<nu p="p" t="14" id="7" x="8.092127633" y="9.292871128" />
<pr uId="138" fId="0" fbTx="14.06089" />
<nu p="p" t="14.11361568" id="5" x="-3.573231282" y="-0.6039157861" />
<nu p="p" t="14.13054277" id="6" x="3.484224557" y="-5.492838094" />
<nu p="p" t="14.13601307" id="7" x="8.088993018" y="9.688913028" />
<pr uId="139" fId="0" fbTx="14.16329" />
<nu p="p" t="14.25" id="7" x="7.774558246" y="9.613764144" />
<pr uId="140" fId="0" fbTx="14.26569" />
<pr uId="141" fId="0" fbTx="14.36809" />
<nu p="p" t="14.40667104" id="5" x="-4.482787552" y="-1.019496576" />
<nu p="p" t="14.44059001" id="6" x="3.093251527" y="-6.413240227" />
<pr uId="142" fId="0" fbTx="14.47049" />
<nu p="p" t="14.48859696" id="7" x="7.116384723" y="9.456462822" />
<pr uId="143" fId="0" fbTx="14.57289" />
<pr uId="144" fId="0" fbTx="14.67529" />
<nu p="p" t="14.68487848" id="5" x="-5.426897796" y="-1.34912643" />
<nu p="p" t="14.71866898" id="6" x="3.798707973" y="-7.1219935" />
<nu p="p" t="14.75" id="7" x="6.604644289" y="9.193178038" />
<pr uId="145" fId="0" fbTx="14.77769" />
<pr uId="146" fId="0" fbTx="14.88009" />
<nu p="p" t="14.9428181" id="7" x="6.227170425" y="8.998971917" />
<pr uId="147" fId="0" fbTx="14.98249" />
<nu p="p" t="14.99958129" id="6" x="3.397020259" y="-6.206216793" />
<nu p="p" t="15" id="5" x="-5.511361681" y="-0.4204042536" />
<nu p="p" t="15" id="7" x="6.090258151" y="9.017443264" />
<nu p="p" t="15.02279043" id="5" x="-5.517470335" y="-0.3532365726" />
<pr uId="148" fId="0" fbTx="15.08489" />
<pr uId="149" fId="0" fbTx="15.18729" />
<nu p="p" t="15.25" id="5" x="-4.845198474" y="0.1125318536" />
<nu p="p" t="15.25" id="6" x="3.536355107" y="-5.286607158" />
<nu p="p" t="15.25" id="7" x="5.491675967" y="9.098200225" />
<nu p="p" t="15.2688182" id="6" x="3.546825696" y="-5.217501301" />
<pr uId="150" fId="0" fbTx="15.28969" />
<nu p="p" t="15.30060139" id="5" x="-4.695478159" y="0.2162622041" />
<nu p="p" t="15.3567218" id="7" x="5.236148902" y="9.132674337" />
<pr uId="151" fId="0" fbTx="15.39209" />
<pr uId="152" fId="0" fbTx="15.49449" />
<nu p="p" t="15.5" id="5" x="-5.067607959" y="0.5159991989" />
<nu p="p" t="15.58678035" id="6" x="3.73664087" y="-6.199321142" />
<pr uId="153" fId="0" fbTx="15.59689" />
<pr uId="154" fId="0" fbTx="15.69929" />
<nu p="p" t="15.71790048" id="5" x="-5.474267065" y="0.8435482913" />
<nu p="p" t="15.72072725" id="7" x="5.533732246" y="10.08737018" />
<nu p="p" t="15.75" id="6" x="3.972328026" y="-5.785001484" />
<pr uId="155" fId="0" fbTx="15.80169" />
<pr uId="156" fId="0" fbTx="15.90409" />
<nu p="p" t="15.92920063" id="6" x="4.231091511" y="-5.330115436" />
<nu p="p" t="16" id="7" x="4.851131397" y="10.77839452" />
<pr uId="157" fId="0" fbTx="16.00649" />
<nu p="p" t="16.00824664" id="7" x="4.830974879" y="10.79879978" />
<pr uId="158" fId="0" fbTx="16.10889" />
<nu p="p" t="16.131996" id="5" x="-5.9378517" y="-0.04250434964" />
<nu p="p" t="16.18807704" id="6" x="3.47750263" y="-5.987461457" />
<pr uId="159" fId="0" fbTx="16.21129" />
<nu p="p" t="16.25" id="7" x="5.007412787" y="9.894610472" />
<nu p="p" t="16.27066748" id="7" x="5.022496454" y="9.817311375" />
<pr uId="160" fId="0" fbTx="16.31369" />
<pr uId="161" fId="0" fbTx="16.41609" />
<nu p="p" t="16.5" id="7" x="5.715882066" y="10.26687667" />
<pr uId="162" fId="0" fbTx="16.51849" />
<nu p="p" t="16.54818439" id="7" x="5.861567305" y="10.36133353" />
<nu p="p" t="16.60656925" id="5" x="-5.427410215" y="-0.9024168375" />
<nu p="p" t="16.60847655" id="6" x="3.99342043" y="-5.130823364" />
<pr uId="163" fId="0" fbTx="16.62089" />
<pr uId="164" fId="0" fbTx="16.72329" />
<nu p="p" t="16.75" id="6" x="3.858681334" y="-4.623737801" />
<nu p="p" t="16.75" id="7" x="6.140130068" y="9.714726852" />
<pr uId="165" fId="0" fbTx="16.82569" />
<nu p="p" t="16.83483075" id="7" x="6.257220553" y="9.442933561" />
<nu p="p" t="16.87820881" id="6" x="3.736618607" y="-4.164359283" />
<nu p="p" t="16.88071606" id="5" x="-6.09349827" y="-0.1565437266" />
<pr uId="166" fId="0" fbTx="16.92809" />
<nu p="p" t="17" id="5" x="-5.856669225" y="-0.1057662105" />
<nu p="p" t="17" id="7" x="5.796265227" y="8.979001843" />
<pr uId="167" fId="0" fbTx="17.03049" />
<nu p="p" t="17.08738417" id="7" x="5.552392973" y="8.733554904" />
<pr uId="168" fId="0" fbTx="17.13289" />
<nu p="p" t="17.21800111" id="6" x="2.742382676" y="-4.057144972" />
<pr uId="169" fId="0" fbTx="17.23529" />
<nu p="p" t="17.25" id="5" x="-5.360313539" y="0.0006553173408" />
<nu p="p" t="17.25" id="7" x="5.643948254" y="9.096177933" />
<pr uId="170" fId="0" fbTx="17.33769" />
<nu p="p" t="17.37319473" id="5" x="-5.115719916" y="0.05309760374" />
<pr uId="171" fId="0" fbTx="17.44009" />
<nu p="p" t="17.47144835" id="6" x="1.809194452" y="-4.416532973" />
<nu p="p" t="17.5" id="5" x="-4.908094718" y="-0.2049861895" />
<nu p="p" t="17.52218301" id="7" x="5.797191589" y="9.70312885" />
<pr uId="172" fId="0" fbTx="17.54249" />
<pr uId="173" fId="0" fbTx="17.64489" />
<pr uId="174" fId="0" fbTx="17.74729" />
<nu p="p" t="17.75" id="6" x="2.1981023" y="-3.872281822" />
<nu p="p" t="17.75602244" id="5" x="-4.488895174" y="-0.7260626737" />
<nu p="p" t="17.79013967" id="7" x="4.900620254" y="9.260229497" />
<pr uId="175" fId="0" fbTx="17.84969" />
<nu p="p" t="17.88786616" id="6" x="2.390588073" y="-3.602910545" />
<pr uId="176" fId="0" fbTx="17.95209" />
<nu p="p" t="18" id="5" x="-3.90735296" y="-1.232069816" />
<nu p="p" t="18" id="7" x="4.81935954" y="10.06275773" />
<nu p="p" t="18.05030835" id="7" x="4.799879477" y="10.2551422" />
<pr uId="177" fId="0" fbTx="18.05449" />
<nu p="p" t="18.07252041" id="5" x="-3.73449412" y="-1.382476452" />
<pr uId="178" fId="0" fbTx="18.15689" />
<nu p="p" t="18.25" id="5" x="-4.124660806" y="-1.765566035" />
<nu p="p" t="18.25" id="6" x="3.220745291" y="-3.568582597" />
<pr uId="179" fId="0" fbTx="18.25929" />
<nu p="p" t="18.32371689" id="6" x="3.389734207" y="-3.561594713" />
<pr uId="180" fId="0" fbTx="18.36169" />
<nu p="p" t="18.39710043" id="5" x="-4.448042695" y="-2.083082208" />
<nu p="p" t="18.45933352" id="7" x="4.453522788" y="11.1932451" />
<pr uId="181" fId="0" fbTx="18.46409" />
<nu p="p" t="18.5" id="6" x="2.827066785" y="-3.482292758" />
<pr uId="182" fId="0" fbTx="18.56649" />
<nu p="p" t="18.63394977" id="6" x="2.399520595" y="-3.422034695" />
<nu p="p" t="18.66141541" id="5" x="-4.02068308" y="-2.987163928" />
<pr uId="183" fId="0" fbTx="18.66889" />
<nu p="p" t="18.75" id="5" x="-3.792767539" y="-2.719676843" />
<pr uId="184" fId="0" fbTx="18.77129" />
<nu p="p" t="18.82403617" id="7" x="4.386974682" y="12.19102831" />
<pr uId="185" fId="0" fbTx="18.87369" />
<nu p="p" t="18.91349273" id="5" x="-3.372124004" y="-2.225999611" />
<nu p="p" t="18.94088098" id="6" x="1.454686744" y="-3.749584672" />
<pr uId="186" fId="0" fbTx="18.97609" />
<pr uId="187" fId="0" fbTx="19.07849" />
<nu p="p" t="19.1753577" id="5" x="-3.817520066" y="-3.12133326" />
<pr uId="188" fId="0" fbTx="19.18089" />
<nu p="p" t="19.19901015" id="6" x="2.164413586" y="-4.454061648" />
<nu p="p" t="19.25" id="5" x="-4.017125486" y="-2.995020466" />
<nu p="p" t="19.25" id="7" x="3.5970485" y="12.6465447" />
<pr uId="189" fId="0" fbTx="19.28329" />
<nu p="p" t="19.29117632" id="7" x="3.520689305" y="12.69057776" />
<pr uId="190" fId="0" fbTx="19.38569" />
<pr uId="191" fId="0" fbTx="19.48809" />
<nu p="p" t="19.49135155" id="5" x="-4.662538044" y="-2.586595368" />
<pr uId="192" fId="0" fbTx="19.59049" />
<nu p="p" t="19.62212866" id="6" x="3.16306399" y="-4.402125451" />
<pr uId="193" fId="0" fbTx="19.69289" />
<nu p="p" t="19.75" id="5" x="-4.199761592" y="-3.07270483" />
<nu p="p" t="19.75" id="6" x="2.799070486" y="-4.753800382" />
<nu p="p" t="19.75" id="7" x="4.35694148" y="12.2349591" />
<nu p="p" t="19.77297396" id="7" x="4.398813833" y="12.21214562" />
<pr uId="194" fId="0" fbTx="19.79529" />
<nu p="p" t="19.87477443" id="6" x="2.443892535" y="-5.096958103" />
<nu p="p" t="19.87672307" id="5" x="-3.973027379" y="-3.310870895" />
<pr uId="195" fId="0" fbTx="19.89769" />
<nu p="p" t="20" id="5" x="-4.043352905" y="-3.594754928" />
<pr uId="196" fId="0" fbTx="20.00009" />
<pr uId="197" fId="0" fbTx="20.10249" />
<nu p="p" t="20.1424022" id="6" x="1.914912088" y="-5.945592115" />
<pr uId="198" fId="0" fbTx="20.20489" />
<nu p="p" t="20.25" id="5" x="-4.18596987" y="-4.170458825" />
<nu p="p" t="20.25" id="7" x="5.186405483" y="12.78407408" />
<nu p="p" t="20.26306274" id="7" x="5.20797266" y="12.7997356" />
<nu p="p" t="20.29823298" id="5" x="-4.213485233" y="-4.281530474" />
<pr uId="199" fId="0" fbTx="20.30729" />
<pr uId="200" fId="0" fbTx="20.40969" />
<nu p="p" t="20.43693007" id="6" x="1.241654282" y="-5.206184296" />
<nu p="p" t="20.5" id="5" x="-3.604951887" y="-4.781297435" />
<pr uId="201" fId="0" fbTx="20.51209" />
<nu p="p" t="20.55446085" id="5" x="-3.440696874" y="-4.91619428" />
<nu p="p" t="20.55800575" id="7" x="5.770560292" y="11.97299795" />
<pr uId="202" fId="0" fbTx="20.61449" />
<pr uId="203" fId="0" fbTx="20.71689" />
<nu p="p" t="20.75" id="6" x="1.549228063" y="-4.627827933" />
<pr uId="204" fId="0" fbTx="20.81929" />
<nu p="p" t="20.84760796" id="7" x="5.431872239" y="11.03209923" />
<nu p="p" t="20.91485893" id="6" x="1.711192784" y="-4.323272301" />
<pr uId="205" fId="0" fbTx="20.92169" />
<nu p="p" t="21" id="5" x="-4.43949103" y="-4.926514661" />
<nu p="p" t="21" id="7" x="5.084899007" y="10.95697973" />
<nu p="p" t="21.00051409" id="5" x="-4.440643495" y="-4.92652657" />
<pr uId="206" fId="0" fbTx="21.02409" />
<pr uId="207" fId="0" fbTx="21.12649" />
<nu p="p" t="21.17109049" id="6" x="0.7562257753" y="-4.619984294" />
<pr uId="208" fId="0" fbTx="21.22889" />
<nu p="p" t="21.25" id="5" x="-3.961182271" y="-5.291950098" />
<nu p="p" t="21.25" id="7" x="4.515687457" y="10.83374576" />
<nu p="p" t="21.27686707" id="7" x="4.454515282" y="10.82050202" />
<pr uId="209" fId="0" fbTx="21.33129" />
<nu p="p" t="21.41436428" id="5" x="-3.645307536" y="-5.532695448" />
<pr uId="210" fId="0" fbTx="21.43369" />
<nu p="p" t="21.47174539" id="6" x="-0.1533160407" y="-5.035596714" />
<pr uId="211" fId="0" fbTx="21.53609" />
<pr uId="212" fId="0" fbTx="21.63849" />
<pr uId="213" fId="0" fbTx="21.74089" />
<nu p="p" t="21.75" id="5" x="-4.40399402" y="-5.771656892" />
<nu p="p" t="21.75" id="7" x="5.384646805" y="10.60120932" />
<nu p="p" t="21.75760661" id="6" x="-1.013506526" y="-5.545569583" />
<nu p="p" t="21.77196619" id="7" x="5.427830116" y="10.5910282" />
<nu p="p" t="21.83631973" id="5" x="-4.599115113" y="-5.833113659" />
<pr uId="214" fId="0" fbTx="21.84329" />
<pr uId="215" fId="0" fbTx="21.94569" />
<nu p="p" t="22" id="5" x="-4.876184941" y="-6.099003229" />
<nu p="p" t="22" id="7" x="5.332303783" y="11.31582298" />
<nu p="p" t="22.02435603" id="6" x="-1.844012409" y="-4.988559736" />
<pr uId="216" fId="0" fbTx="22.04809" />
<nu p="p" t="22.08388717" id="7" x="5.297162356" y="11.58245441" />
<pr uId="217" fId="0" fbTx="22.15049" />
<nu p="p" t="22.25" id="5" x="-5.299372508" y="-6.505114429" />
<nu p="p" t="22.25" id="6" x="-1.678751316" y="-5.628136744" />
<pr uId="218" fId="0" fbTx="22.25289" />
<nu p="p" t="22.2625575" id="5" x="-5.320629218" y="-6.525513393" />
<pr uId="219" fId="0" fbTx="22.35529" />
<nu p="p" t="22.36593907" id="6" x="-1.593837823" y="-5.956760476" />
<pr uId="220" fId="0" fbTx="22.45769" />
<nu p="p" t="22.5" id="5" x="-4.817090941" y="-6.318294539" />
<nu p="p" t="22.5" id="6" x="-1.803996854" y="-6.287809081" />
<nu p="p" t="22.5" id="7" x="4.766816825" y="10.77117722" />
<nu p="p" t="22.51320335" id="7" x="4.749988843" y="10.74543521" />
<pr uId="221" fId="0" fbTx="22.56009" />
<pr uId="222" fId="0" fbTx="22.66249" />
<nu p="p" t="22.69862438" id="5" x="-4.395873267" y="-6.144952713" />
<nu p="p" t="22.70782446" id="6" x="-2.129790415" y="-6.801008555" />
<nu p="p" t="22.75" id="7" x="5.179576497" y="11.2035145" />
<pr uId="223" fId="0" fbTx="22.76489" />
<pr uId="224" fId="0" fbTx="22.86729" />
<nu p="p" t="22.89026894" id="7" x="5.434047186" y="11.47486251" />
<pr uId="225" fId="0" fbTx="22.96969" />
<nu p="p" t="23" id="5" x="-5.329760094" y="-5.821096004" />
<nu p="p" t="23.00352244" id="5" x="-5.340675245" y="-5.817310808" />
<pr uId="226" fId="0" fbTx="23.07209" />
<nu p="p" t="23.10528596" id="6" x="-2.066484244" y="-5.803014403" />
<pr uId="227" fId="0" fbTx="23.17449" />
<nu p="p" t="23.1758731" id="7" x="4.734233495" y="10.7605371" />
<nu p="p" t="23.25" id="5" x="-4.733249584" y="-5.189142709" />
<nu p="p" t="23.25" id="6" x="-1.640399881" y="-6.133476774" />
<pr uId="228" fId="0" fbTx="23.27689" />
<nu p="p" t="23.28559153" id="5" x="-4.645536911" y="-5.098434814" />
<nu p="p" t="23.37366486" id="6" x="-1.276291029" y="-6.415872199" />
<pr uId="229" fId="0" fbTx="23.37929" />
<pr uId="230" fId="0" fbTx="23.48169" />
<nu p="p" t="23.5" id="5" x="-5.233838431" y="-4.62594172" />
<nu p="p" t="23.5" id="7" x="5.108680779" y="11.50231546" />
<nu p="p" t="23.56595001" id="7" x="5.184869463" y="11.6532449" />
<nu p="p" t="23.56974495" id="5" x="-5.425207076" y="-4.472244406" />
<pr uId="231" fId="0" fbTx="23.58409" />
<pr uId="232" fId="0" fbTx="23.68649" />
<nu p="p" t="23.70001163" id="6" x="-1.168567743" y="-7.410053114" />
<nu p="p" t="23.75" id="5" x="-5.415646465" y="-3.871148192" />
<pr uId="233" fId="0" fbTx="23.78889" />
<nu p="p" t="23.86958423" id="5" x="-5.409303794" y="-3.472370872" />
<pr uId="234" fId="0" fbTx="23.89129" />
<pr uId="235" fId="0" fbTx="23.99369" />
<nu p="p" t="24" id="6" x="-0.5538641454" y="-7.165638418" />
<nu p="p" t="24" id="7" x="5.959140368" y="12.05842073" />
<nu p="p" t="24.062644" id="7" x="6.070886547" y="12.11689749" />
<pr uId="236" fId="0" fbTx="24.09609" />
<nu p="p" t="24.15314238" id="5" x="-6.160397878" y="-4.132566051" />
<nu p="p" t="24.15350008" id="6" x="-0.23932845" y="-7.040574653" />
<pr uId="237" fId="0" fbTx="24.19849" />
<nu p="p" t="24.25" id="5" x="-6.265100596" y="-3.911151655" />
<pr uId="238" fId="0" fbTx="24.30089" />
<pr uId="239" fId="0" fbTx="24.40329" />
<nu p="p" t="24.5" id="6" x="0.2490042311" y="-7.619256255" />
<nu p="p" t="24.5" id="7" x="6.194615991" y="13.01859053" />
<pr uId="240" fId="0" fbTx="24.50569" />
<nu p="p" t="24.54317975" id="7" x="6.206831685" y="13.10761385" />
<nu p="p" t="24.54860482" id="5" x="-6.58789127" y="-3.22854758" />
<pr uId="241" fId="0" fbTx="24.60809" />
<nu p="p" t="24.61111119" id="6" x="0.40559655" y="-7.804820518" />
<pr uId="242" fId="0" fbTx="24.71049" />
<nu p="p" t="24.75" id="5" x="-6.852320136" y="-2.876939795" />
<nu p="p" t="24.75" id="6" x="0.6795512744" y="-8.237245872" />
<pr uId="243" fId="0" fbTx="24.81289" />
<nu p="p" t="24.82297873" id="7" x="7.013706439" y="13.6983364" />
<nu p="p" t="24.88243073" id="6" x="0.9407676022" y="-8.649564233" />
<pr uId="244" fId="0" fbTx="24.91529" />
<nu p="p" t="25" id="5" x="-7.180566408" y="-2.440474799" />
<nu p="p" t="25.00637947" id="5" x="-7.188942562" y="-2.42933713" />
<pr uId="245" fId="0" fbTx="25.01769" />
<pr uId="246" fId="0" fbTx="25.12009" />
<nu p="p" t="25.13469107" id="6" x="0.05789387701" y="-8.179953772" />
<pr uId="247" fId="0" fbTx="25.22249" />
<nu p="p" t="25.25" id="5" x="-7.340493077" y="-3.225821087" />
<nu p="p" t="25.25" id="6" x="0.2217882142" y="-7.766309345" />
<nu p="p" t="25.25" id="7" x="7.920552541" y="14.10959426" />
<nu p="p" t="25.25182587" id="7" x="7.924430057" y="14.11135273" />
<nu p="p" t="25.30685848" id="5" x="-7.375863382" y="-3.411712113" />
<pr uId="248" fId="0" fbTx="25.32489" />
<nu p="p" t="25.39385278" id="6" x="0.426253366" y="-7.25027034" />
<pr uId="249" fId="0" fbTx="25.42729" />
<nu p="p" t="25.5" id="5" x="-6.876515226" y="-3.063676881" />
<nu p="p" t="25.5" id="6" x="0.3338764424" y="-6.92152154" />
<pr uId="250" fId="0" fbTx="25.52969" />
<nu p="p" t="25.55816641" id="7" x="6.925516814" y="14.06474449" />
<nu p="p" t="25.62417666" id="5" x="-6.555468837" y="-2.839914255" />
<pr uId="251" fId="0" fbTx="25.63209" />
<nu p="p" t="25.70469648" id="6" x="0.1557348747" y="-6.287555563" />
<pr uId="252" fId="0" fbTx="25.73449" />
<nu p="p" t="25.75" id="7" x="7.331798345" y="13.64006068" />
<pr uId="253" fId="0" fbTx="25.83689" />
<nu p="p" t="25.8845665" id="7" x="7.61679475" y="13.34215553" />
<pr uId="254" fId="0" fbTx="25.93929" />
<nu p="p" t="26" id="5" x="-5.684639653" y="-2.491405871" />
<nu p="p" t="26" id="6" x="0.2653891219" y="-5.386747859" />
<nu p="p" t="26.02485086" id="5" x="-5.627057126" y="-2.468361175" />
<nu p="p" t="26.03011515" id="6" x="0.2765716996" y="-5.29488318" />
<pr uId="255" fId="0" fbTx="26.04169" />
<pr uId="256" fId="0" fbTx="26.14409" />
<nu p="p" t="26.16185186" id="7" x="6.626068888" y="13.47803142" />
<pr uId="257" fId="0" fbTx="26.24649" />
<nu p="p" t="26.25" id="5" x="-5.694907627" y="-1.643445185" />
<nu p="p" t="26.25" id="6" x="0.3481982441" y="-4.628373678" />
<nu p="p" t="26.29686811" id="5" x="-5.709031709" y="-1.471726757" />
<pr uId="258" fId="0" fbTx="26.34889" />
<nu p="p" t="26.35813154" id="6" x="0.3834216299" y="-4.300608021" />
<pr uId="259" fId="0" fbTx="26.45129" />
<nu p="p" t="26.48557219" id="7" x="7.07198698" y="12.58295765" />
<nu p="p" t="26.5" id="5" x="-6.39529517" y="-1.601599276" />
<pr uId="260" fId="0" fbTx="26.55369" />
<nu p="p" t="26.58770289" id="5" x="-6.69159178" y="-1.657672183" />
<pr uId="261" fId="0" fbTx="26.65609" />
<nu p="p" t="26.69221725" id="6" x="0.6976559925" y="-5.249953461" />
<nu p="p" t="26.75" id="7" x="6.449764044" y="12.10209756" />
<pr uId="262" fId="0" fbTx="26.75849" />
<nu p="p" t="26.82183332" id="7" x="6.280733646" y="11.97146918" />
<pr uId="263" fId="0" fbTx="26.86089" />
<nu p="p" t="26.92977572" id="5" x="-5.938238952" y="-2.315288722" />
<pr uId="264" fId="0" fbTx="26.96329" />
<nu p="p" t="26.98176092" id="6" x="1.581883825" y="-5.717009276" />
<nu p="p" t="27" id="5" x="-6.104593532" y="-2.360338405" />
<pr uId="265" fId="0" fbTx="27.06569" />
<nu p="p" t="27.12596889" id="7" x="7.02186448" y="11.30010856" />
<pr uId="266" fId="0" fbTx="27.16809" />
<nu p="p" t="27.25" id="6" x="1.152671242" y="-6.291725711" />
<nu p="p" t="27.25" id="7" x="6.965005536" y="10.8979654" />
<pr uId="267" fId="0" fbTx="27.27049" />
<nu p="p" t="27.33723557" id="5" x="-6.903472177" y="-2.576678886" />
<nu p="p" t="27.3557164" id="6" x="0.983513163" y="-6.518228688" />
<pr uId="268" fId="0" fbTx="27.37289" />
<nu p="p" t="27.43135674" id="7" x="6.881867095" y="10.30995669" />
<pr uId="269" fId="0" fbTx="27.47529" />
<nu p="p" t="27.5" id="5" x="-7.397776134" y="-2.445429937" />
<pr uId="270" fId="0" fbTx="27.57769" />
<nu p="p" t="27.65548791" id="5" x="-7.869981817" y="-2.320048583" />
<pr uId="271" fId="0" fbTx="27.68009" />
<nu p="p" t="27.7402456" id="7" x="6.205332137" y="9.573546171" />
<nu p="p" t="27.75" id="5" x="-8.133773544" y="-2.067839931" />
<nu p="p" t="27.75" id="6" x="0.575231255" y="-5.728439335" />
<pr uId="272" fId="0" fbTx="27.78249" />
<nu p="p" t="27.79919064" id="6" x="0.5242941952" y="-5.629905585" />
<pr uId="273" fId="0" fbTx="27.88489" />
<nu p="p" t="27.91445403" id="5" x="-8.592779504" y="-1.628988887" />
<pr uId="274" fId="0" fbTx="27.98729" />
<pr uId="275" fId="0" fbTx="28.08969" />
<nu p="p" t="28.16685636" id="7" x="6.744984134" y="8.731657984" />
<nu p="p" t="28.17037419" id="5" x="-7.694713568" y="-2.068849742" />
<nu p="p" t="28.18215904" id="6" x="-0.07442176247" y="-4.828944161" />
<pr uId="276" fId="0" fbTx="28.19209" />
<nu p="p" t="28.25" id="6" x="-0.01084889445" y="-5.009631004" />
<pr uId="277" fId="0" fbTx="28.29449" />
<pr uId="278" fId="0" fbTx="28.39689" />
<nu p="p" t="28.43589125" id="7" x="7.387035603" y="9.498319517" />
<nu p="p" t="28.47894297" id="5" x="-6.761440687" y="-2.428017847" />
<pr uId="279" fId="0" fbTx="28.49929" />
<nu p="p" t="28.5" id="6" x="0.2234227879" y="-5.675478115" />
<nu p="p" t="28.53633789" id="6" x="0.2574745443" y="-5.772260037" />
<pr uId="280" fId="0" fbTx="28.60169" />
<pr uId="281" fId="0" fbTx="28.70409" />
<nu p="p" t="28.75" id="5" x="-6.831270335" y="-1.466843618" />
<nu p="p" t="28.75" id="7" x="8.085832462" y="9.857864138" />
<nu p="p" t="28.76020781" id="5" x="-6.833900069" y="-1.430646484" />
<pr uId="282" fId="0" fbTx="28.80649" />
<nu p="p" t="28.83558754" id="7" x="8.276238834" y="9.955831933" />
<pr uId="283" fId="0" fbTx="28.90889" />
<nu p="p" t="28.95335439" id="6" x="1.254423561" y="-5.850315501" />
<nu p="p" t="29" id="5" x="-7.244043104" y="-0.8250619993" />
<nu p="p" t="29" id="7" x="7.715843392" y="9.703793088" />
<pr uId="284" fId="0" fbTx="29.01129" />
<nu p="p" t="29.0880603" id="5" x="-7.39466235" y="-0.6026696367" />
<nu p="p" t="29.10315785" id="7" x="7.364232633" y="9.545655525" />
<pr uId="285" fId="0" fbTx="29.11369" />
<pr uId="286" fId="0" fbTx="29.21609" />
<nu p="p" t="29.25" id="6" x="0.5235847239" y="-5.928735237" />
<nu p="p" t="29.25" id="7" x="7.399282704" y="10.11487444" />
<pr uId="287" fId="0" fbTx="29.31849" />
<nu p="p" t="29.35693516" id="6" x="0.2601310754" y="-5.957004076" />
<nu p="p" t="29.36064149" id="7" x="7.42569196" y="10.54376511" />
<pr uId="288" fId="0" fbTx="29.42089" />
<nu p="p" t="29.45684552" id="5" x="-8.136171527" y="0.06827308827" />
<nu p="p" t="29.5" id="7" x="6.943538538" y="10.27863472" />
<pr uId="289" fId="0" fbTx="29.52329" />
<nu p="p" t="29.61390925" id="7" x="6.549434621" y="10.0619217" />
<pr uId="290" fId="0" fbTx="29.62569" />
<pr uId="291" fId="0" fbTx="29.72809" />
<nu p="p" t="29.72887145" id="5" x="-9.115873033" y="-0.1321887723" />
<nu p="p" t="29.75120428" id="6" x="0.853622325" y="-5.152163635" />
<pr uId="292" fId="0" fbTx="29.83049" />
<pr uId="293" fId="0" fbTx="29.93289" />
</anim>
